{"“宝贝！中国报道我了！”": 2.850999662065931, "【B站核心文化之一或将受到威胁】怎样才能让社区环境更加和谐，我们的长足发展在何处？": 13.450350625151131, "试吃“牛的舌头”，整整30厘米比脸还长，没想到却意外的好吃": 1.175922132255495, "游戏史上最气人的游戏，键盘砸坏十个都无法通关！": 29.925423368525472, "【短评】王者荣耀KPL决赛舞台倒塌折射出的国内电竞产业硬伤": 4.493779566571873, "豆瓣9.1，哪怕删掉所有露点镜头，依然是当之无愧的伟大电影": 2.05318671454219, "自制大肠刺身伴侣。吃大肠刺身必备！": 2.9277297649770855, "感谢兄弟们这两天对我的帮助 真的感谢大家 我现在很安全": 2.387212073847857, "【明日方舟】全部干员精2推荐排行榜，让精2选择更加的清晰": 16.82485947879407, "前放高能！让你百看不厌万恶之源名场面！": 0.5160711755213059, "【主播真会玩主机篇】76：船长女流再下厨，亲生弟弟遭毒手": 2.700831344599491, "【B站最良心】19年大学生笔记本选购全攻略！15分钟从小白到大神，高考生福利！": 15.288601384939327, "史上最皮的摄影师，他是真的懂我们男人需要的什么！": 0.1418496393822548, "大sao包了4斤粽子，咸肉蛋黄蜜枣，和儿子一起吃三口一个,真过瘾": 4.691812109203516, "【嘻咦啊看】岂有此理，又被这个小学生摆了一道！": 3.617326176794089, "【雨女无瓜】轮到游乐王子给你洗脑了": 1.2731983151959925, "在高考前的试卷雨中弹ONE OK ROCK的《Bombs away》": 1.4578216687213723, "papi酱的周一放送——如果化妆品柜台导购，转行去卖教辅材料": 2.544672118679459, "Food Vlog 04. 好奇妙的印度料理……": 3.206653530143128, "当广东人♂遇到老乡♂": 5.223606000566091, "揭秘！女生毁掉一个男生需要几天，教你鉴定绿茶婊！【分析内容源于知乎心理分析师宏桑】": 7.27046311651981, "【全明星】心如止水": 4.8314273298640185, "夜间点外卖，一个敢下 一个敢送": 0.43059373153090613, "有时候，你看到的不一定是真的，网络暴力真的可怕": 0.9916840119365764, "停产几十年的饮料！回忆杀！复刻童年一款非常经典的饮料！﹝职业吃外卖﹞": 0.21981289097816736, "“28年了，我终于明白公园里的螺旋杆怎么玩了！！！”": 0.03097069976711009, "听懂的都哭了，没听懂的却在笑": 0.7853905093533567, "【游乐王子大战楚雨荨】雨女无瓜&你才是猪·怼人嘴炮合集": 1.9167021201162875, "前方高能！一秒沉沦！不要眨眼，享受来自万千世界的极致雨季盛宴!巅峰画质！": 3.5476276840136274, "喝三杯就倒的野格酒居然没有酒味！感觉像喝了急支糖浆": 2.696408548358203, "【巴啦啦小魔仙】“游乐王子”揭秘谜之口音来历 曾嫌弃巴啦啦小魔仙太幼稚": 0.6733214381050058, "北京3000万装修的超豪海鲜餐厅！吃3000块帝王蟹，380一位三文鱼随便吃？": 4.339934832524282, "我哭了！儿童节又给熊孩子送一堆作业当礼物，目前关系以断绝..": 5.050054048973069, "男嘉宾选心动速度极快，孟非都看傻眼了，不料弄出非诚奇观": 0.013336728136859079, "三百米的哥斯拉是如何在四千米深的海面站立的呢？": 0.07887736714609145, "飞机上的饭盒是自助的，后悔现在才知道，不然我也给他上一课": 0.01073543535091817, "【小巫】藤原书记魔性舞ヾ(◍°∇°◍)ﾉﾞ学生会等你来✧高考加油✧": 2.226139565103931, "【高能RAP】把沙雕广告们聚在一起会变成什么奇妙的东西？": 11.449199581690934, "巨人文戏的又一巅峰！！泪目简评《自由之翼》第三季18话": 5.164454513904804, "小心超人哭的那一刻，全世界都输了...再见了，伽罗。": 1.4787390546710022, "“可能”是全球第一台被“修”好的华为P30 pro【手机维修案例】": 3.117724695393086, "现在的独立恐怖游戏动不动就是这种带制作.": 10.674346052315816, "【女性｜混剪】欲望与破碎": 5.533634469115952, "【超燃】百元向 | 我不允许你不知道的国货top9！": 4.435435942670896, "【罗汉】终极蛇皮上帝视角之曲线救国之医保卡救赎之路": 2.9321683800660034, "2019高考加油！UP主联合应援2019年高考": 1.812703334133933, "阿姨，别说了，句句扎心！哈哈哈哈哈哈哈哈": 0.20082727614576917, "当华为拍了沙雕广告....": 0.6658667339571436, "【巴啦啦小魔仙】全员口胡（口音）系列之游乐": 2.132675211193607, "学习了摸仙堡的方言": 1.5914086030258277, "斗鱼主播钱小佳被打后续：你很牛b，惹不起你": 0.01950216296716545, "碧蓝航线二周年合作组曲": 9.850194724730041, "CF女帝2019年第一挂！逐帧分析！实锤外挂聊天记录！": 0.5410865902138171, "炉石传说：【天天素材库】 第147期": 1.0112683023748992, "【虫哥】魔性解读塑料普通话仙女神剧《巴啦啦小魔仙》，一起来接受塑料的洗礼吧...": 4.707033933232587, "美女老师在教室跳《极乐净土》走红！网友：不愧是别人家的老师": 0.03443291957150144, "气球泄气后变成裙子？？？": 0.048266500032321316, "花300元买到蓝龙虾了！吃下去的第一口就后悔了": 1.428088966082887, "再也不说日本宅男疯狂了，这现场是个男的谁顶得住？站出来！": 0.3266021623315575, "只是看柴崎老爷爷画画就觉得很享受（1）": 0.737690185751014, "日本人为了节目效果究竟有多丧心病狂": 0.01737155640671474, "起小点TOP10 VOL503 上古魔蛇优雅蛇行剧毒摄魂": 0.941308078804075, "大学毕业礼物被熊孩子拆毁，家长：孩子不懂事，你们应该圈起来！": 0.38864330851158513, "[LPL夏季赛]6月3日 IG vs DMO": 0.35017285602765696, "胡萝卜竟能穿针引线，这样的【凉面】会更好吃吗？": 2.562313693156593, "衡水中学“学霸”励志演讲：这世间，唯有青春与梦想不可辜负": 6.176649437519003, "非诚勿扰:中科院博士来相亲，众人猜长相，出场令人惊艳!": 0.004058148762715532, "前方高能！注意看好自己的硬币！": 17.46893084147614, "VLOG |南韩模特超自律的减肥健身及日常": 0.07394029811681258, "前方高萌，你能坚持几秒。。。。。": 1.683659351652796, "JoJoの奇妙な冒険 OP.10 - 背叛者的镇魂曲（中文翻唱）": 12.414330575102573, "中国军方：如果有人敢分裂台湾，中国军队必将不惜一战！": 0.7318443388348188, "健身房教练欺负瘦小男子，男子忍无可忍一拳将其KO": 0.025281372310342894, "少女被6个恶魔上身折磨致死，被教廷承认的驱魔事件，胆小勿入！": 0.47229253056168885, "其实你的密码并不安全_1Password【值不值得买第342期】": 0.9684440162902477, "【生气就把iPhone一刀切碎？ 用3257张照片拍的短片】": 0.405747403157901, "前方高能！！！请注意口袋里的硬币！！！": 11.978014498179219, "古一的饰演者，竟然如此妖孽？！": 0.2923552219618901, "后悔：一个撸瑟大学生沉迷游戏4年的经历": 9.452915201294397, "最强催泪：人，为什么要努力": 4.403086046578577, "搞机零距离：iOS 13 iPadOS 四大系统详细体验 iPad与笔记本打通最大惊喜": 1.0482945095977425, "我就是要砸了你们的饭碗！！！致那些臭不要脸的琴贩子后续！": 0.875937094865002, "妹妹这次撒娇撒对人了，太可爱了，就吃你这套（上）【药水哥约宝宝】": 1.813329146714813, "阿烽听奶奶说想吃水螺，趁南风天海螺出水，阿烽抓一大桶回家爆炒": 2.17100960190829, "韩国的丝袜电视购物002，女主持身材超棒": 0.05037442944815426, "【漫威/沙雕】大碗宽面  结尾有彩蛋！错过等一年！": 3.3060421808841527, "用2500年前的编钟敲出一首Shape of you！": 19.214285714285715, "【散人】我要跳河！求死不得的极致硬核游戏": 5.5045871559633035, "求求你们，不要再给舔狗洗白了好吗？": 6.809805490340097, "你老实说这手机是不是只要1500": 2.2187467417370454, "LOL搞笑精彩集锦：奔向命运的故事": 0.7823116361411734, "刚做完骨穿，不太能弯腰，忍痛更新。马头琴是我初学，希望我有时间把这门乐器练好。": 18.27798624540553, "bilibili at CP24！夏色吹雪参上！": 1.2735285074983773, "【赛事吐槽】仲达明凯又熬走了一个打野 三太子jie哥上任带闹达摩（DMO战队）": 12.836496604562075, "【橘子】固定每周10连抽？每周只要7.5，制定方案让你抽抽抽！6星角色快到碗里来~": 5.890948945109143, "【官方】《千与千寻》主题曲《永远同在》": 3.5340551109823664, "这样的爱情，我看哭了。愿所有异地恋都能熬过距离和时间。愿我们都能遇到那个爱你如初的人。": 1.12519411923338, "一阶魔方复原教程！居然那么难！": 1.4846958966171313, "三只猫咪洗完澡又被塞进烤箱，急得大声呼救，主人耳朵差点聋了": 0.3141441187523487, "我游乐王子rap说的好坏雨女无瓜": 1.6468406744503985}